taxon,species_x_limit_95,body_size_y_limit_99,max_n_new_species,max_fitted_body_size
Birds,100,2041.5197119544132,100,5459.798264199334
Butterflies,100,6.274685583442373,100,7.008512470888844
