taxon,species_x_limit_95,body_size_y_limit_99,max_n_new_species,max_fitted_body_size
Birds,788,354.50226019666945,2008,1559.7126296062522
Butterflies,281,6.353728663630308,654,9.074189268035441
