taxon,term,Estimate,Std. Error,t value,Pr(>|t|)
Birds,(Intercept),22.88291455216659,1.061083975296841,21.56560186083767,1.9029725018752117e-83
Birds,log10(n_users_sampled),-7.547184290763983,0.45526283521780675,-16.57764198378561,4.733701126013073e-54
Butterflies,(Intercept),4.9408420128438815,0.2096997439348452,23.561507134596344,5.994627336604235e-96
Butterflies,log10(n_users_sampled),-1.6449432455913977,0.08997261497754512,-18.282710200230746,1.007675188703414e-63
