taxon,species_x_limit_95,body_size_y_limit_99,max_n_new_species,max_fitted_body_size
Birds,812,1518.5633160928344,979,3606.9018462543245
Butterflies,237,6.80088052037602,332,8.431496598961907
