taxon,species_x_limit_95,body_size_y_limit_99,max_n_new_species,max_fitted_body_size
Birds,100,378.09251676511,100,1133.1880217220605
Butterflies,100,5.880243725290968,100,6.567415839225323
